Workbook

Sheet Breakdown
A1: Stat | B1: 1st | C1: 2nd | D1: 3rd | E1: 4th | F1: 5th | G1: 6th
A2: BF | B2: =Raw!B3+Raw!B10+Raw!B17+Raw!B24+Raw!B31+Raw!B38 -> 30 | C2: =Raw!C3+Raw!C10+Raw!C17+Raw!C24+Raw!C31+Raw!C38 -> 22 | D2: =Raw!D3+Raw!D10+Raw!D17+Raw!D24+Raw!D31+Raw!D38 -> 30 | E2: =Raw!E3+Raw!E10+Raw!E17+Raw!E24+Raw!E31+Raw!E38 -> 32 | F2: =Raw!F10+Raw!F24+Raw!F31+Raw!F38 -> 19 | G2: =Raw!G24 -> 3
A3: R | B3: =Raw!B4+Raw!B11+Raw!B18+Raw!B25+Raw!B32+Raw!B39 -> 2 | C3: =Raw!C4+Raw!C11+Raw!C18+Raw!C25+Raw!C32+Raw!C39 -> 0 | D3: =Raw!D4+Raw!D11+Raw!D18+Raw!D25+Raw!D32+Raw!D39 -> 3 | E3: =Raw!E4+Raw!E11+Raw!E18+Raw!E25+Raw!E32+Raw!E39 -> 7 | F3: =Raw!F11+Raw!F25+Raw!F32+Raw!F39 -> 4 | G3: =Raw!G25 -> 0
A4: K | B4: =Raw!B5+Raw!B12+Raw!B19+Raw!B26+Raw!B33+Raw!B40 -> 11 | C4: =Raw!C5+Raw!C12+Raw!C19+Raw!C26+Raw!C33+Raw!C40 -> 5 | D4: =Raw!D5+Raw!D12+Raw!D19+Raw!D26+Raw!D33+Raw!D40 -> 8 | E4: =Raw!E5+Raw!E12+Raw!E19+Raw!E26+Raw!E33+Raw!E40 -> 7 | F4: =Raw!F12+Raw!F26+Raw!F33+Raw!F40 -> 0 | G4: =Raw!G26 -> 3
A5: BB | B5: =Raw!B6+Raw!B13+Raw!B20+Raw!B27+Raw!B34+Raw!B41 -> 5 | C5: =Raw!C6+Raw!C13+Raw!C20+Raw!C27+Raw!C34+Raw!C41 -> 3 | D5: =Raw!D6+Raw!D13+Raw!D20+Raw!D27+Raw!D34+Raw!D41 -> 2 | E5: =Raw!E6+Raw!E13+Raw!E20+Raw!E27+Raw!E34+Raw!E41 -> 2 | F5: =Raw!F13+Raw!F27+Raw!F34+Raw!F41 -> 4 | G5: =Raw!G27 -> 0
A6: LOB | B6: =Raw!B7+Raw!B14+Raw!B21+Raw!B28+Raw!B35+Raw!B42 -> 7 | C6: =Raw!C7+Raw!C14+Raw!C21+Raw!C28+Raw!C35+Raw!C42 -> 3 | D6: =Raw!D7+Raw!D14+Raw!D21+Raw!D28+Raw!D35+Raw!D42 -> 6 | E6: =Raw!E7+Raw!E14+Raw!E21+Raw!E28+Raw!E35+Raw!E42 -> 6 | F6: =Raw!F14+Raw!F28+Raw!F35+Raw!F42 -> 6 | G6: =Raw!G28 -> 0
A8: Rates
A9: K% | B9: =B4/B2 -> 0.36666667 | C9: =C4/C2 -> 0.22727273 | D9: =D4/D2 -> 0.26666667 | E9: =E4/E2 -> 0.21875 | F9: =F4/F2 -> 0 | G9: =G4/G2 -> 1
A10: BB% | B10: =B5/B2 -> 0.16666667 | C10: =C5/C2 -> 0.13636364 | D10: =D5/D2 -> 0.066666667 | E10: =E5/E2 -> 0.0625 | F10: =F5/F2 -> 0.21052632 | G10: =G5/G2 -> 0
A11: ERA | B11: =(B3/6) *9 -> 3 | C11: =(C3/6) *9 -> 0 | D11: =(D3/6) *9 -> 4.5 | E11: =(E3/6) *9 -> 10.5 | F11: =(F3/4)*9 -> 9 | G11: =(G3/1)*9 -> 0
A12: BF/Inning | B12: =B2/6 -> 5 | C12: =C2/6 -> 3.6666667 | D12: =D2/6 -> 5 | E12: =E2/6 -> 5.3333333 | F12: =F2/4 -> 4.75 | G12: =3/1 -> 3

Sheet Raw
A1: Game | B1: 1st Inning | C1: 2nd Inning | D1: 3rd Inning | E1: 4th Inning | F1: 5th Inning | G1: 6th Inning | H1: 7th Inning
A2: Mary Baldwin
A3: Batters Faced | B3: 6 | C3: 3 | D3: 7 | E3: 5
A4: Runs | B4: 1 | C4: 0 | D4: 2 | E4: 1
A5: Strikeouts | B5: 1 | C5: 1 | D5: 1 | E5: 1
A6: Walks | B6: 0 | C6: 0 | D6: 0 | E6: 0
A7: LOB | B7: 2 | C7: 0 | D7: 1 | E7: 1
A9: Lycoming
A10: Batters Faced | B10: 5 | C10: 5 | D10: 6 | E10: 4 | F10: 5
A11: Runs | B11: 0 | C11: 0 | D11: 0 | E11: 0 | F11: 2
A12: Strikeouts | B12: 2 | C12: 1 | D12: 1 | E12: 1 | F12: 0
A13: Walks | B13: 1 | C13: 1 | D13: 1 | E13: 0 | F13: 1
A14: LOB | B14: 1 | C14: 2 | D14: 1 | E14: 1 | F14: 2
A16: Hampden-Sydney
A17: Batters Faced | B17: 5 | C17: 4 | D17: 4 | E17: 10
A18: Runs | B18: 0 | C18: 0 | D18: 0 | E18: 5
A19: Strikeouts | B19: 3 | C19: 2 | D19: 1 | E19: 2
A20: Walks | B20: 1 | C20: 1 | D20: 1 | E20: 1
A21: LOB | B21: 1 | C21: 0 | D21: 1 | E21: 1
A23: North Central
A24: Batters Faced | B24: 3 | C24: 3 | D24: 3 | E24: 3 | F24: 3 | G24: 3
A25: Runs | B25: 0 | C25: 0 | D25: 0 | E25: 0 | F25: 0 | G25: 0
A26: Strikeouts | B26: 2 | C26: 1 | D26: 2 | E26: 1 | F26: 0 | G26: 3
A27: Walks | B27: 0 | C27: 0 | D27: 0 | E27: 0 | F27: 0 | G27: 0
A28: LOB | B28: 0 | C28: 0 | D28: 0 | E28: 0 | F28: 0 | G28: 0
A30: Immaculata
A31: Batters Faced | B31: 5 | C31: 3 | D31: 4 | E31: 4 | F31: 7
A32: Runs | B32: 0 | C32: 0 | D32: 0 | E32: 0 | F32: 2
A33: Strikeouts | B33: 1 | C33: 0 | D33: 1 | E33: 1 | F33: 0
A34: Walks | B34: 1 | C34: 0 | D34: 0 | E34: 1 | F34: 2
A35: LOB | B35: 1 | C35: 0 | D35: 1 | E35: 1 | F35: 3
A37: Marywood
A38: Batters Faced | B38: 6 | C38: 4 | D38: 6 | E38: 6 | F38: 4
A39: Runs | B39: 1 | C39: 0 | D39: 1 | E39: 1 | F39: 0
A40: Strikeouts | B40: 2 | C40: 0 | D40: 2 | E40: 1 | F40: 0
A41: Walks | B41: 2 | C41: 1 | D41: 0 | E41: 0 | F41: 1
A42: LOB | B42: 2 | C42: 1 | D42: 2 | E42: 2 | F42: 1
